record_id,language,text,human_ground_truth,model_label,model_label_id,neutral_probability,positive_probability,negative_probability,model_confidence,latency_ms,mapped_mood
EN-AMBIG-004,EN,There are three more scans scheduled before delivery.,DISTRESSED,POSITIVE,1,0.3374505341053009,0.525143563747406,0.13740582764148712,0.525143563747406,21.000300002924632,CALM
EN-AMBIG-T04,EN,There's too much conflicting information out there and it's honestly starting to overwhelm me.,DISTRESSED,POSITIVE,1,0.3503481149673462,0.5127280354499817,0.13692383468151093,0.5127280354499817,31.783999998879153,CALM
EN-ANXIETY-002,EN,Every little twinge makes me panic that something's wrong with the baby.,DISTRESSED,POSITIVE,1,0.31881800293922424,0.5463643074035645,0.1348176747560501,0.5463643074035645,29.782700003124774,CALM
EN-ANXIETY-004,EN,I get really nervous whenever I haven't felt the baby move in a while.,DISTRESSED,POSITIVE,1,0.30852803587913513,0.5652162432670593,0.12625575065612793,0.5652162432670593,24.795299999823328,CALM
EN-ANXIETY-010,EN,I worry a lot about whether I'll be a good mother.,DISTRESSED,POSITIVE,1,0.3028416335582733,0.5737367868423462,0.12342160195112228,0.5737367868423462,19.212300001527183,CALM
EN-APPT-003,EN,The clinic rescheduled my appointment again and it's frustrating.,DISTRESSED,POSITIVE,1,0.3547191023826599,0.5014670491218567,0.14381392300128937,0.5014670491218567,23.453900001186412,CALM
EN-APPT-005,EN,"My appointment went well today, the doctor said everything looks good.",DISTRESSED,POSITIVE,1,0.3336346447467804,0.5298089385032654,0.13655640184879303,0.5298089385032654,27.586299998802133,CALM
EN-APPT-010,EN,I dread every appointment because I'm always scared of bad news.,DISTRESSED,POSITIVE,1,0.34173330664634705,0.5209442377090454,0.1373225301504135,0.5209442377090454,22.239499994611833,CALM
EN-DISCOMFORT-005,EN,The heat this week has made the swelling so much worse.,DISTRESSED,POSITIVE,1,0.3006865680217743,0.577054500579834,0.12225884944200516,0.577054500579834,20.331700005044695,CALM
EN-FEAR-010,EN,I'm scared of needles and the thought of the next blood test is stressing me out.,DISTRESSED,POSITIVE,1,0.31122997403144836,0.5650745630264282,0.12369541823863983,0.5650745630264282,26.068099999974947,CALM
EN-FETAL-003,EN,I keep counting kicks obsessively because I'm scared something's off.,DISTRESSED,POSITIVE,1,0.34850531816482544,0.5121626257896423,0.1393321007490158,0.5121626257896423,28.483399997639935,CALM
EN-FETAL-005,EN,I'm concerned my blood pressure readings have been a bit high lately.,DISTRESSED,POSITIVE,1,0.32385656237602234,0.5430298447608948,0.13311365246772766,0.5430298447608948,26.61880000232486,CALM
EN-REASSURE-005,EN,Talking to other mothers about this made me feel much less alone with my worries.,DISTRESSED,POSITIVE,1,0.315473347902298,0.5551666021347046,0.12936004996299744,0.5551666021347046,28.152099999715574,CALM
EN-REASSURE-T04,EN,"Everyone keeps telling me not to worry, but their reassurance isn't really helping right now.",DISTRESSED,POSITIVE,1,0.32798415422439575,0.5370612144470215,0.13495461642742157,0.5370612144470215,33.58329999900889,CALM
EN-ROUTINE-003,EN,How much water should I be drinking each day now?,DISTRESSED,POSITIVE,1,0.3202612102031708,0.5496618151664734,0.13007690012454987,0.5496618151664734,22.01989999593934,CALM
EN-SADNESS-006,EN,I feel a bit sad that my partner can't be at every appointment with me.,DISTRESSED,POSITIVE,1,0.3033437728881836,0.5734336972236633,0.12322253733873367,0.5734336972236633,25.102899999183137,CALM
EN-SADNESS-009,EN,I get teary thinking about how much my body has changed.,DISTRESSED,POSITIVE,1,0.3097974956035614,0.5626280903816223,0.12757433950901031,0.5626280903816223,25.505099998554215,CALM
EN-SADNESS-010,EN,I feel sad that this pregnancy hasn't been the joyful experience people told me it would be.,DISTRESSED,POSITIVE,1,0.3199034631252289,0.5494811534881592,0.13061530888080597,0.5494811534881592,27.283700001135003,CALM
EN-SYMPTOM-010,EN,"I had some cramping but the doctor said it's completely normal, so I feel better now.",DISTRESSED,POSITIVE,1,0.3237984776496887,0.5466148257255554,0.12958663702011108,0.5466148257255554,29.223199999250937,CALM
EN-UNCERT-007,EN,I keep going back and forth on whether this is something serious.,DISTRESSED,POSITIVE,1,0.32154133915901184,0.5468834042549133,0.13157527148723602,0.5468834042549133,28.679800001555122,CALM
SI-FEAR-004,SI,කලින් වෙච්ච දේ නිසා මේ pregnancy එකත් නැති වෙයිද කියලා බයයි.,CALM,NEGATIVE,2,0.4728706479072571,0.05045366287231445,0.4766756594181061,0.4766756594181061,19.51089999784017,DISTRESSED
SI-FEAR-T04,SI,"කලින් ඉඳිකටුවලට බයයි හිටියේ, ඒත් අද nurse හරිම ලේසියෙන් blood test එක කලා, දැනුනෙවත් නෑ.",CALM,NEGATIVE,2,0.43329665064811707,0.13310518860816956,0.43359819054603577,0.43359819054603577,25.038400002813432,DISTRESSED
SI-SADNESS-008,SI,සමහර වෙලාවට කාටවත් සම්බන්ධ නැති බවක් දැනිලා දුකයි.,CALM,NEGATIVE,2,0.2994126081466675,0.033501435071229935,0.6670859456062317,0.6670859456062317,13.296999997692183,DISTRESSED
SI-AMBIG-002,SI,මගේ due date එක ලබන මාසේ තුන්වෙනි සතියේ විතර.,DISTRESSED,NEUTRAL,0,0.5498053431510925,0.24972622096538544,0.20046842098236084,0.5498053431510925,18.307500002265442,NEUTRAL
SI-AMBIG-T03,SI,"schedule එක නිතරම මාරු වෙනවා, track කරගන්නවත් බෑ, ඒක stress එකක්.",DISTRESSED,NEUTRAL,0,0.49566465616226196,0.24660317599773407,0.25773218274116516,0.49566465616226196,19.63110000360757,NEUTRAL
SI-AMBIG-T04,SI,"පිට පිට contradictory information ගොඩක් තියෙනවා, ඒක දැන් ම overwhelmed කරනවා.",DISTRESSED,NEUTRAL,0,0.4443725049495697,0.3851932883262634,0.17043428122997284,0.4443725049495697,27.147600005264394,NEUTRAL
SI-ANXIETY-002,SI,පොඩි දෙයක් වුනත් බබාට මොකක් හරි වෙන්න ඇති කියලා බය හිතෙනවා.,DISTRESSED,NEUTRAL,0,0.6069420576095581,0.07542096078395844,0.31763696670532227,0.6069420576095581,19.284000001789536,NEUTRAL
SI-ANXIETY-007,SI,විශේෂ දෙයක් නැතත් සෑම වෙලාවෙම පොඩි කනස්සල්ලක් තියෙනවා.,DISTRESSED,NEUTRAL,0,0.48149800300598145,0.08652878552675247,0.4319732189178467,0.48149800300598145,18.780500002321787,NEUTRAL
SI-ANXIETY-010,SI,මම හොඳ අම්මා කෙනෙක් වෙයිද කියලා ගොඩක් හිතෙනවා.,DISTRESSED,POSITIVE,1,0.3089543581008911,0.620560348033905,0.07048530876636505,0.620560348033905,17.47310000064317,CALM
SI-FEAR-010,SI,"ඉඳිකටුවලට බයයි, ලබන blood test එක ගැන හිතෙන්නම stress එකක්.",DISTRESSED,POSITIVE,1,0.3740274906158447,0.4530797600746155,0.1728927344083786,0.4530797600746155,15.328200002841186,CALM
SI-FETAL-002,SI,"අද මුල්වතාවට බබාගේ hiccup එක දැනුනා, හරිම හොඳ දැනීමක්.",DISTRESSED,NEUTRAL,0,0.41985559463500977,0.41258111596107483,0.16756325960159302,0.41985559463500977,14.706199995998759,NEUTRAL
SI-FETAL-010,SI,මම කන දේවල් බබාට හොඳ නැද්ද කියලා නිතරම හිතෙනවා.,DISTRESSED,NEUTRAL,0,0.5942329168319702,0.08661797642707825,0.31914907693862915,0.5942329168319702,16.924800002016127,NEUTRAL
SI-POSITIVE-T03,SI,"හැමෝම කියනවා මේ special කාලේ enjoy කරන්න කියලා, ඒත් සැබැවින්ම මට excited වෙන්නවත් බැරි තරම් කනස්සල්ලයි.",DISTRESSED,NEUTRAL,0,0.4983370304107666,0.19575166702270508,0.30591121315956116,0.4983370304107666,28.498699997726362,NEUTRAL
SI-POSITIVE-T04,SI,"මේක සතුටුදායක කාලයක් වෙන්න ඕන කියලා දන්නවා, ඒත් හැම දවසෙම overwhelmed වගේ දැනෙනවා.",DISTRESSED,POSITIVE,1,0.36922043561935425,0.5314805507659912,0.0992991030216217,0.5314805507659912,23.726200000965036,CALM
SI-REASSURE-001,SI,"doctor කිව්වා හැමදේම සාමාන්‍ය විදිහට යනවා කියලා, දැන් හිතට සැහැල්ලුයි.",DISTRESSED,NEUTRAL,0,0.4731462299823761,0.28632456064224243,0.24052925407886505,0.4731462299823761,20.366199998534285,NEUTRAL
SI-ROUTINE-002,SI,සති 20 දී ටිකක් ඇවිදින්න යනවා නම් කමක් නැද්ද?,DISTRESSED,NEUTRAL,0,0.6725317239761353,0.021735114976763725,0.3057331144809723,0.6725317239761353,13.774500002909917,NEUTRAL
SI-SADNESS-001,SI,මේ pregnancy එක ගැන ගොඩක් කැමති වුනත් දැන් හිතට දුකයි.,DISTRESSED,POSITIVE,1,0.240097314119339,0.6675103306770325,0.09239235520362854,0.6675103306770325,15.932599999359809,CALM
SI-SADNESS-002,SI,හිතුවා වගේ මේ කාලේ enjoy කරගන්න බැරි වීම ගැන දුකයි.,DISTRESSED,NEUTRAL,0,0.48746365308761597,0.11408831924200058,0.3984479606151581,0.48746365308761597,17.6385999948252,NEUTRAL
SI-SYMPTOM-003,SI,"අද ටිකක් bleeding වගේ දැක්කා, මට හරිම බයයි.",DISTRESSED,POSITIVE,1,0.2236945778131485,0.685684084892273,0.09062137454748154,0.685684084892273,19.492300001729745,CALM
SI-UNCERT-009,SI,මේ කැක්කුම early labor ද නැත්නම් සාමාන්‍ය දෙයක්ද කියලා දන්නෙ නෑ.,DISTRESSED,NEUTRAL,0,0.49440935254096985,0.06430280208587646,0.4412878155708313,0.49440935254096985,27.234499997575767,NEUTRAL
